YEAR,STATE,TYPE OF PRODUCER,ENERGY SOURCE,GENERATION (Megawatthours),,,,,,
1990,NV,Total Electric Power Industry,Total,"20,050,685",,,,,,
1990,NV,Total Electric Power Industry,Coal,"15,053,277",,,,,,
1990,NV,Total Electric Power Industry,Geothermal,"761,192",,,,,,
1990,NV,Total Electric Power Industry,Hydroelectric Conventional,"1,735,081",,,,,,
1990,NV,Total Electric Power Industry,Natural Gas,"2,217,027",,,,,,
1990,NV,Total Electric Power Industry,Petroleum,"284,108",,,,,,
1990,NV,"Electric Generators, Independent Power Producers",Total,"764,425",,,,,,
1990,NV,"Electric Generators, Independent Power Producers",Geothermal,"761,192",,,,,,
1990,NV,"Electric Generators, Independent Power Producers",Hydroelectric Conventional,"3,233",,,,,,
1990,NV,"Electric Generators, Electric Utilities",Total,"19,286,260",,,,,,
1990,NV,"Electric Generators, Electric Utilities",Coal,"15,053,277",,,,,,
1990,NV,"Electric Generators, Electric Utilities",Hydroelectric Conventional,"1,731,848",,,,,,
1990,NV,"Electric Generators, Electric Utilities",Natural Gas,"2,217,027",,,,,,
1990,NV,"Electric Generators, Electric Utilities",Petroleum,"284,108",,,,,,
1991,NV,Total Electric Power Industry,Total,"22,065,204",,,,,,
1991,NV,Total Electric Power Industry,Coal,"16,365,730",,,,,,
1991,NV,Total Electric Power Industry,Geothermal,"995,408",,,,,,
1991,NV,Total Electric Power Industry,Hydroelectric Conventional,"2,365,050",,,,,,
1991,NV,Total Electric Power Industry,Natural Gas,"2,094,971",,,,,,
1991,NV,Total Electric Power Industry,Other,"1,568",,,,,,
1991,NV,Total Electric Power Industry,Petroleum,"242,477",,,,,,
1991,NV,"Electric Generators, Independent Power Producers",Total,"998,641",,,,,,
1991,NV,"Electric Generators, Independent Power Producers",Geothermal,"995,408",,,,,,
1991,NV,"Electric Generators, Independent Power Producers",Hydroelectric Conventional,"3,233",,,,,,
1991,NV,"Electric Generators, Electric Utilities",Total,"20,922,439",,,,,,
1991,NV,"Electric Generators, Electric Utilities",Coal,"16,365,730",,,,,,
1991,NV,"Electric Generators, Electric Utilities",Hydroelectric Conventional,"2,361,817",,,,,,
1991,NV,"Electric Generators, Electric Utilities",Natural Gas,"1,956,571",,,,,,
1991,NV,"Electric Generators, Electric Utilities",Petroleum,"238,321",,,,,,
1991,NV,"Combined Heat and Power, Electric Power",Total,"144,124",,,,,,
1991,NV,"Combined Heat and Power, Electric Power",Natural Gas,"138,400",,,,,,
1991,NV,"Combined Heat and Power, Electric Power",Other,"1,568",,,,,,
1991,NV,"Combined Heat and Power, Electric Power",Petroleum,"4,156",,,,,,
1992,NV,Total Electric Power Industry,Total,"23,347,543",,,,,,
1992,NV,Total Electric Power Industry,Coal,"16,443,169",,,,,,
1992,NV,Total Electric Power Industry,Geothermal,"1,177,972",,,,,,
1992,NV,Total Electric Power Industry,Hydroelectric Conventional,"1,985,691",,,,,,
1992,NV,Total Electric Power Industry,Natural Gas,"3,392,197",,,,,,
1992,NV,Total Electric Power Industry,Other,"20,929",,,,,,
1992,NV,Total Electric Power Industry,Petroleum,"327,585",,,,,,
1992,NV,"Electric Generators, Independent Power Producers",Total,"1,181,205",,,,,,
1992,NV,"Electric Generators, Independent Power Producers",Geothermal,"1,177,972",,,,,,
1992,NV,"Electric Generators, Independent Power Producers",Hydroelectric Conventional,"3,233",,,,,,
1992,NV,"Electric Generators, Electric Utilities",Total,"20,962,974",,,,,,
1992,NV,"Electric Generators, Electric Utilities",Coal,"16,443,169",,,,,,
1992,NV,"Electric Generators, Electric Utilities",Hydroelectric Conventional,"1,982,458",,,,,,
1992,NV,"Electric Generators, Electric Utilities",Natural Gas,"2,209,762",,,,,,
1992,NV,"Electric Generators, Electric Utilities",Petroleum,"327,585",,,,,,
1992,NV,"Combined Heat and Power, Electric Power",Total,"1,203,364",,,,,,
1992,NV,"Combined Heat and Power, Electric Power",Natural Gas,"1,182,435",,,,,,
1992,NV,"Combined Heat and Power, Electric Power",Other,"20,929",,,,,,
1993,NV,Total Electric Power Industry,Total,"23,502,472",,,,,,
1993,NV,Total Electric Power Industry,Coal,"15,627,860",,,,,,
1993,NV,Total Electric Power Industry,Geothermal,"1,540,055",,,,,,
1993,NV,Total Electric Power Industry,Hydroelectric Conventional,"1,972,180",,,,,,
1993,NV,Total Electric Power Industry,Natural Gas,"4,033,198",,,,,,
1993,NV,Total Electric Power Industry,Other,"2,198",,,,,,
1993,NV,Total Electric Power Industry,Petroleum,"326,981",,,,,,
1993,NV,"Electric Generators, Independent Power Producers",Total,"1,552,282",,,,,,
1993,NV,"Electric Generators, Independent Power Producers",Geothermal,"1,540,055",,,,,,
1993,NV,"Electric Generators, Independent Power Producers",Hydroelectric Conventional,"12,227",,,,,,
1993,NV,"Electric Generators, Electric Utilities",Total,"19,820,333",,,,,,
1993,NV,"Electric Generators, Electric Utilities",Coal,"15,627,860",,,,,,
1993,NV,"Electric Generators, Electric Utilities",Hydroelectric Conventional,"1,959,953",,,,,,
1993,NV,"Electric Generators, Electric Utilities",Natural Gas,"1,986,014",,,,,,
1993,NV,"Electric Generators, Electric Utilities",Petroleum,"246,506",,,,,,
1993,NV,"Combined Heat and Power, Electric Power",Total,"2,129,857",,,,,,
1993,NV,"Combined Heat and Power, Electric Power",Natural Gas,"2,047,184",,,,,,
1993,NV,"Combined Heat and Power, Electric Power",Other,"2,198",,,,,,
1993,NV,"Combined Heat and Power, Electric Power",Petroleum,"80,475",,,,,,
1994,NV,Total Electric Power Industry,Total,"24,517,727",,,,,,
1994,NV,Total Electric Power Industry,Coal,"15,324,714",,,,,,
1994,NV,Total Electric Power Industry,Geothermal,"1,494,930",,,,,,
1994,NV,Total Electric Power Industry,Hydroelectric Conventional,"1,875,889",,,,,,
1994,NV,Total Electric Power Industry,Natural Gas,"5,629,626",,,,,,
1994,NV,Total Electric Power Industry,Other,"24,888",,,,,,
1994,NV,Total Electric Power Industry,Petroleum,"167,680",,,,,,
1994,NV,"Electric Generators, Independent Power Producers",Total,"1,565,207",,,,,,
1994,NV,"Electric Generators, Independent Power Producers",Geothermal,"1,494,930",,,,,,
1994,NV,"Electric Generators, Independent Power Producers",Hydroelectric Conventional,"10,129",,,,,,
1994,NV,"Electric Generators, Independent Power Producers",Natural Gas,"58,914",,,,,,
1994,NV,"Electric Generators, Independent Power Producers",Petroleum,"1,234",,,,,,
1994,NV,"Electric Generators, Electric Utilities",Total,"20,519,076",,,,,,
1994,NV,"Electric Generators, Electric Utilities",Coal,"15,324,714",,,,,,
1994,NV,"Electric Generators, Electric Utilities",Hydroelectric Conventional,"1,865,760",,,,,,
1994,NV,"Electric Generators, Electric Utilities",Natural Gas,"3,162,156",,,,,,
1994,NV,"Electric Generators, Electric Utilities",Petroleum,"166,446",,,,,,
1994,NV,"Combined Heat and Power, Electric Power",Total,"2,433,444",,,,,,
1994,NV,"Combined Heat and Power, Electric Power",Natural Gas,"2,408,556",,,,,,
1994,NV,"Combined Heat and Power, Electric Power",Other,"24,888",,,,,,
1995,NV,Total Electric Power Industry,Total,"23,963,994",,,,,,
1995,NV,Total Electric Power Industry,Coal,"13,971,824",,,,,,
1995,NV,Total Electric Power Industry,Geothermal,"1,553,696",,,,,,
1995,NV,Total Electric Power Industry,Hydroelectric Conventional,"1,941,534",,,,,,
1995,NV,Total Electric Power Industry,Natural Gas,"6,443,753",,,,,,
1995,NV,Total Electric Power Industry,Other,"26,634",,,,,,
1995,NV,Total Electric Power Industry,Petroleum,"26,553",,,,,,
1995,NV,"Electric Generators, Independent Power Producers",Total,"1,610,693",,,,,,
1995,NV,"Electric Generators, Independent Power Producers",Geothermal,"1,553,696",,,,,,
1995,NV,"Electric Generators, Independent Power Producers",Hydroelectric Conventional,"19,093",,,,,,
1995,NV,"Electric Generators, Independent Power Producers",Natural Gas,"37,900",,,,,,
1995,NV,"Electric Generators, Independent Power Producers",Petroleum,4,,,,,,
1995,NV,"Electric Generators, Electric Utilities",Total,"19,997,354",,,,,,
1995,NV,"Electric Generators, Electric Utilities",Coal,"13,971,824",,,,,,
1995,NV,"Electric Generators, Electric Utilities",Hydroelectric Conventional,"1,922,441",,,,,,
1995,NV,"Electric Generators, Electric Utilities",Natural Gas,"4,076,540",,,,,,
1995,NV,"Electric Generators, Electric Utilities",Petroleum,"26,549",,,,,,
1995,NV,"Combined Heat and Power, Industrial Power",Total,138,,,,,,
1995,NV,"Combined Heat and Power, Industrial Power",Natural Gas,138,,,,,,
1995,NV,"Combined Heat and Power, Electric Power",Total,"2,355,809",,,,,,
1995,NV,"Combined Heat and Power, Electric Power",Natural Gas,"2,329,175",,,,,,
1995,NV,"Combined Heat and Power, Electric Power",Other,"26,634",,,,,,
1996,NV,Total Electric Power Industry,Total,"25,580,408",,,,,,
1996,NV,Total Electric Power Industry,Coal,"14,656,868",,,,,,
1996,NV,Total Electric Power Industry,Geothermal,"1,554,683",,,,,,
1996,NV,Total Electric Power Industry,Hydroelectric Conventional,"2,164,467",,,,,,
1996,NV,Total Electric Power Industry,Natural Gas,"7,083,256",,,,,,
1996,NV,Total Electric Power Industry,Other,"25,154",,,,,,
1996,NV,Total Electric Power Industry,Petroleum,"95,980",,,,,,
1996,NV,"Electric Generators, Independent Power Producers",Total,"1,762,060",,,,,,
1996,NV,"Electric Generators, Independent Power Producers",Geothermal,"1,554,683",,,,,,
1996,NV,"Electric Generators, Independent Power Producers",Hydroelectric Conventional,"21,165",,,,,,
1996,NV,"Electric Generators, Independent Power Producers",Natural Gas,"184,043",,,,,,
1996,NV,"Electric Generators, Independent Power Producers",Petroleum,"2,169",,,,,,
1996,NV,"Electric Generators, Electric Utilities",Total,"21,362,057",,,,,,
1996,NV,"Electric Generators, Electric Utilities",Coal,"14,656,868",,,,,,
1996,NV,"Electric Generators, Electric Utilities",Hydroelectric Conventional,"2,143,302",,,,,,
1996,NV,"Electric Generators, Electric Utilities",Natural Gas,"4,468,076",,,,,,
1996,NV,"Electric Generators, Electric Utilities",Petroleum,"93,811",,,,,,
1996,NV,"Combined Heat and Power, Industrial Power",Total,138,,,,,,
1996,NV,"Combined Heat and Power, Industrial Power",Natural Gas,138,,,,,,
1996,NV,"Combined Heat and Power, Electric Power",Total,"2,456,153",,,,,,
1996,NV,"Combined Heat and Power, Electric Power",Natural Gas,"2,430,999",,,,,,
1996,NV,"Combined Heat and Power, Electric Power",Other,"25,154",,,,,,
1997,NV,Total Electric Power Industry,Total,"27,031,522",,,,,,
1997,NV,Total Electric Power Industry,Coal,"15,250,606",,,,,,
1997,NV,Total Electric Power Industry,Geothermal,"1,596,001",,,,,,
1997,NV,Total Electric Power Industry,Hydroelectric Conventional,"2,586,974",,,,,,
1997,NV,Total Electric Power Industry,Natural Gas,"7,557,814",,,,,,
1997,NV,Total Electric Power Industry,Other,"8,182",,,,,,
1997,NV,Total Electric Power Industry,Petroleum,"31,945",,,,,,
1997,NV,"Electric Generators, Independent Power Producers",Total,"1,830,940",,,,,,
1997,NV,"Electric Generators, Independent Power Producers",Geothermal,"1,596,001",,,,,,
1997,NV,"Electric Generators, Independent Power Producers",Hydroelectric Conventional,"19,523",,,,,,
1997,NV,"Electric Generators, Independent Power Producers",Natural Gas,"214,627",,,,,,
1997,NV,"Electric Generators, Independent Power Producers",Petroleum,789,,,,,,
1997,NV,"Electric Generators, Electric Utilities",Total,"22,869,773",,,,,,
1997,NV,"Electric Generators, Electric Utilities",Coal,"15,250,606",,,,,,
1997,NV,"Electric Generators, Electric Utilities",Hydroelectric Conventional,"2,567,451",,,,,,
1997,NV,"Electric Generators, Electric Utilities",Natural Gas,"5,020,560",,,,,,
1997,NV,"Electric Generators, Electric Utilities",Petroleum,"31,156",,,,,,
1997,NV,"Combined Heat and Power, Industrial Power",Total,138,,,,,,
1997,NV,"Combined Heat and Power, Industrial Power",Natural Gas,138,,,,,,
1997,NV,"Combined Heat and Power, Electric Power",Total,"2,330,671",,,,,,
1997,NV,"Combined Heat and Power, Electric Power",Natural Gas,"2,322,489",,,,,,
1997,NV,"Combined Heat and Power, Electric Power",Other,"8,182",,,,,,
1998,NV,Total Electric Power Industry,Total,"30,613,520",,,,,,
1998,NV,Total Electric Power Industry,Coal,"17,161,341",,,,,,
1998,NV,Total Electric Power Industry,Geothermal,"1,537,094",,,,,,
1998,NV,Total Electric Power Industry,Hydroelectric Conventional,"3,166,325",,,,,,
1998,NV,Total Electric Power Industry,Natural Gas,"8,690,829",,,,,,
1998,NV,Total Electric Power Industry,Other,"6,399",,,,,,
1998,NV,Total Electric Power Industry,Petroleum,"51,532",,,,,,
1998,NV,"Electric Generators, Independent Power Producers",Total,"1,749,040",,,,,,
1998,NV,"Electric Generators, Independent Power Producers",Geothermal,"1,537,094",,,,,,
1998,NV,"Electric Generators, Independent Power Producers",Hydroelectric Conventional,"14,910",,,,,,
1998,NV,"Electric Generators, Independent Power Producers",Natural Gas,"195,789",,,,,,
1998,NV,"Electric Generators, Independent Power Producers",Petroleum,"1,247",,,,,,
1998,NV,"Electric Generators, Electric Utilities",Total,"26,552,567",,,,,,
1998,NV,"Electric Generators, Electric Utilities",Coal,"17,161,341",,,,,,
1998,NV,"Electric Generators, Electric Utilities",Hydroelectric Conventional,"3,151,415",,,,,,
1998,NV,"Electric Generators, Electric Utilities",Natural Gas,"6,189,526",,,,,,
1998,NV,"Electric Generators, Electric Utilities",Petroleum,"50,285",,,,,,
1998,NV,"Combined Heat and Power, Electric Power",Total,"2,311,913",,,,,,
1998,NV,"Combined Heat and Power, Electric Power",Natural Gas,"2,305,514",,,,,,
1998,NV,"Combined Heat and Power, Electric Power",Other,"6,399",,,,,,
1999,NV,Total Electric Power Industry,Total,"30,532,131",,,,,,
1999,NV,Total Electric Power Industry,Coal,"16,907,530",,,,,,
1999,NV,Total Electric Power Industry,Geothermal,"1,414,912",,,,,,
1999,NV,Total Electric Power Industry,Hydroelectric Conventional,"2,827,671",,,,,,
1999,NV,Total Electric Power Industry,Natural Gas,"9,346,541",,,,,,
1999,NV,Total Electric Power Industry,Petroleum,"35,477",,,,,,
1999,NV,"Electric Generators, Independent Power Producers",Total,"1,711,718",,,,,,
1999,NV,"Electric Generators, Independent Power Producers",Geothermal,"1,414,912",,,,,,
1999,NV,"Electric Generators, Independent Power Producers",Hydroelectric Conventional,"20,509",,,,,,
1999,NV,"Electric Generators, Independent Power Producers",Natural Gas,"276,238",,,,,,
1999,NV,"Electric Generators, Independent Power Producers",Petroleum,59,,,,,,
1999,NV,"Electric Generators, Electric Utilities",Total,"26,485,602",,,,,,
1999,NV,"Electric Generators, Electric Utilities",Coal,"16,907,530",,,,,,
1999,NV,"Electric Generators, Electric Utilities",Hydroelectric Conventional,"2,807,162",,,,,,
1999,NV,"Electric Generators, Electric Utilities",Natural Gas,"6,735,492",,,,,,
1999,NV,"Electric Generators, Electric Utilities",Petroleum,"35,418",,,,,,
1999,NV,"Combined Heat and Power, Electric Power",Total,"2,334,811",,,,,,
1999,NV,"Combined Heat and Power, Electric Power",Natural Gas,"2,334,811",,,,,,
2000,NV,Total Electric Power Industry,Total,"35,484,915",,,,,,
2000,NV,Total Electric Power Industry,Coal,"18,931,521",,,,,,
2000,NV,Total Electric Power Industry,Geothermal,"1,370,791",,,,,,
2000,NV,Total Electric Power Industry,Hydroelectric Conventional,"2,429,468",,,,,,
2000,NV,Total Electric Power Industry,Natural Gas,"12,667,189",,,,,,
2000,NV,Total Electric Power Industry,Other,"21,152",,,,,,
2000,NV,Total Electric Power Industry,Petroleum,"64,794",,,,,,
2000,NV,"Electric Generators, Independent Power Producers",Total,"3,690,617",,,,,,
2000,NV,"Electric Generators, Independent Power Producers",Geothermal,"1,370,791",,,,,,
2000,NV,"Electric Generators, Independent Power Producers",Hydroelectric Conventional,"13,870",,,,,,
2000,NV,"Electric Generators, Independent Power Producers",Natural Gas,"2,305,776",,,,,,
2000,NV,"Electric Generators, Independent Power Producers",Petroleum,180,,,,,,
2000,NV,"Electric Generators, Electric Utilities",Total,"29,341,675",,,,,,
2000,NV,"Electric Generators, Electric Utilities",Coal,"18,931,521",,,,,,
2000,NV,"Electric Generators, Electric Utilities",Hydroelectric Conventional,"2,415,598",,,,,,
2000,NV,"Electric Generators, Electric Utilities",Natural Gas,"7,929,942",,,,,,
2000,NV,"Electric Generators, Electric Utilities",Petroleum,"64,614",,,,,,
2000,NV,"Combined Heat and Power, Electric Power",Total,"2,452,623",,,,,,
2000,NV,"Combined Heat and Power, Electric Power",Natural Gas,"2,431,471",,,,,,
2000,NV,"Combined Heat and Power, Electric Power",Other,"21,152",,,,,,
2001,NV,Total Electric Power Industry,Total,"33,875,966",,,,,,
2001,NV,Total Electric Power Industry,Coal,"17,736,970",,,,,,
2001,NV,Total Electric Power Industry,Geothermal,"1,199,873",,,,,,
2001,NV,Total Electric Power Industry,Hydroelectric Conventional,"2,513,722",,,,,,
2001,NV,Total Electric Power Industry,Natural Gas,"11,513,773",,,,,,
2001,NV,Total Electric Power Industry,Petroleum,"911,628",,,,,,
2001,NV,"Electric Generators, Independent Power Producers",Total,"3,534,581",,,,,,
2001,NV,"Electric Generators, Independent Power Producers",Geothermal,"1,199,873",,,,,,
2001,NV,"Electric Generators, Independent Power Producers",Hydroelectric Conventional,"9,141",,,,,,
2001,NV,"Electric Generators, Independent Power Producers",Natural Gas,"2,325,550",,,,,,
2001,NV,"Electric Generators, Independent Power Producers",Petroleum,17,,,,,,
2001,NV,"Electric Generators, Electric Utilities",Total,"27,896,065",,,,,,
2001,NV,"Electric Generators, Electric Utilities",Coal,"17,736,970",,,,,,
2001,NV,"Electric Generators, Electric Utilities",Hydroelectric Conventional,"2,504,581",,,,,,
2001,NV,"Electric Generators, Electric Utilities",Natural Gas,"6,742,903",,,,,,
2001,NV,"Electric Generators, Electric Utilities",Petroleum,"911,611",,,,,,
2001,NV,"Combined Heat and Power, Electric Power",Total,"2,445,320",,,,,,
2001,NV,"Combined Heat and Power, Electric Power",Natural Gas,"2,445,320",,,,,,
2002,NV,Total Electric Power Industry,Total,"32,088,935",,,,,,
2002,NV,Total Electric Power Industry,Coal,"16,413,025",,,,,,
2002,NV,Total Electric Power Industry,Geothermal,"1,127,283",,,,,,
2002,NV,Total Electric Power Industry,Hydroelectric Conventional,"2,267,586",,,,,,
2002,NV,Total Electric Power Industry,Natural Gas,"12,210,660",,,,,,
2002,NV,Total Electric Power Industry,Other Gases,"44,909",,,,,,
2002,NV,Total Electric Power Industry,Petroleum,"25,472",,,,,,
2002,NV,"Electric Generators, Independent Power Producers",Total,"4,652,670",,,,,,
2002,NV,"Electric Generators, Independent Power Producers",Geothermal,"1,127,283",,,,,,
2002,NV,"Electric Generators, Independent Power Producers",Hydroelectric Conventional,"8,202",,,,,,
2002,NV,"Electric Generators, Independent Power Producers",Natural Gas,"3,517,185",,,,,,
2002,NV,"Electric Generators, Independent Power Producers",Petroleum,0,,,,,,
2002,NV,"Electric Generators, Electric Utilities",Total,"25,008,568",,,,,,
2002,NV,"Electric Generators, Electric Utilities",Coal,"16,413,025",,,,,,
2002,NV,"Electric Generators, Electric Utilities",Hydroelectric Conventional,"2,259,384",,,,,,
2002,NV,"Electric Generators, Electric Utilities",Natural Gas,"6,310,687",,,,,,
2002,NV,"Electric Generators, Electric Utilities",Petroleum,"25,472",,,,,,
2002,NV,"Combined Heat and Power, Electric Power",Total,"2,427,697",,,,,,
2002,NV,"Combined Heat and Power, Electric Power",Natural Gas,"2,382,788",,,,,,
2002,NV,"Combined Heat and Power, Electric Power",Other Gases,"44,909",,,,,,
2003,NV,Total Electric Power Industry,Total,"33,194,888",,,,,,
2003,NV,Total Electric Power Industry,Coal,"17,085,959",,,,,,
2003,NV,Total Electric Power Industry,Geothermal,"1,065,711",,,,,,
2003,NV,Total Electric Power Industry,Hydroelectric Conventional,"1,756,705",,,,,,
2003,NV,Total Electric Power Industry,Natural Gas,"13,252,779",,,,,,
2003,NV,Total Electric Power Industry,Other Gases,"16,941",,,,,,
2003,NV,Total Electric Power Industry,Petroleum,"16,793",,,,,,
2003,NV,"Electric Generators, Independent Power Producers",Total,"5,324,279",,,,,,
2003,NV,"Electric Generators, Independent Power Producers",Geothermal,"1,065,711",,,,,,
2003,NV,"Electric Generators, Independent Power Producers",Hydroelectric Conventional,"8,767",,,,,,
2003,NV,"Electric Generators, Independent Power Producers",Natural Gas,"4,249,801",,,,,,
2003,NV,"Electric Generators, Independent Power Producers",Petroleum,0,,,,,,
2003,NV,"Electric Generators, Electric Utilities",Total,"24,634,871",,,,,,
2003,NV,"Electric Generators, Electric Utilities",Coal,"17,085,959",,,,,,
2003,NV,"Electric Generators, Electric Utilities",Hydroelectric Conventional,"1,747,938",,,,,,
2003,NV,"Electric Generators, Electric Utilities",Natural Gas,"5,784,181",,,,,,
2003,NV,"Electric Generators, Electric Utilities",Petroleum,"16,793",,,,,,
2003,NV,"Combined Heat and Power, Electric Power",Total,"3,235,738",,,,,,
2003,NV,"Combined Heat and Power, Electric Power",Natural Gas,"3,218,797",,,,,,
2003,NV,"Combined Heat and Power, Electric Power",Other Gases,"16,941",,,,,,
2004,NV,Total Electric Power Industry,Total,"37,667,435",,,,,,
2004,NV,Total Electric Power Industry,Coal,"18,257,265",,,,,,
2004,NV,Total Electric Power Industry,Geothermal,"1,297,504",,,,,,
2004,NV,Total Electric Power Industry,Hydroelectric Conventional,"1,615,123",,,,,,
2004,NV,Total Electric Power Industry,Natural Gas,"16,380,743",,,,,,
2004,NV,Total Electric Power Industry,Other Gases,"21,033",,,,,,
2004,NV,Total Electric Power Industry,Petroleum,"95,766",,,,,,
2004,NV,"Electric Generators, Independent Power Producers",Total,"11,022,120",,,,,,
2004,NV,"Electric Generators, Independent Power Producers",Geothermal,"1,297,504",,,,,,
2004,NV,"Electric Generators, Independent Power Producers",Hydroelectric Conventional,"9,920",,,,,,
2004,NV,"Electric Generators, Independent Power Producers",Natural Gas,"9,714,695",,,,,,
2004,NV,"Electric Generators, Independent Power Producers",Petroleum,0,,,,,,
2004,NV,"Electric Generators, Electric Utilities",Total,"24,246,391",,,,,,
2004,NV,"Electric Generators, Electric Utilities",Coal,"18,257,265",,,,,,
2004,NV,"Electric Generators, Electric Utilities",Hydroelectric Conventional,"1,605,203",,,,,,
2004,NV,"Electric Generators, Electric Utilities",Natural Gas,"4,288,157",,,,,,
2004,NV,"Electric Generators, Electric Utilities",Petroleum,"95,766",,,,,,
2004,NV,"Combined Heat and Power, Electric Power",Total,"2,398,924",,,,,,
2004,NV,"Combined Heat and Power, Electric Power",Natural Gas,"2,377,891",,,,,,
2004,NV,"Combined Heat and Power, Electric Power",Other Gases,"21,033",,,,,,
2004,NV,"Combined Heat and Power, Electric Power",Petroleum,0,,,,,,
2005,NV,Total Electric Power Industry,Total,"40,213,752",,,,,,
2005,NV,Total Electric Power Industry,Coal,"18,384,261",,,,,,
2005,NV,Total Electric Power Industry,Geothermal,"1,262,707",,,,,,
2005,NV,Total Electric Power Industry,Hydroelectric Conventional,"1,702,380",,,,,,
2005,NV,Total Electric Power Industry,Natural Gas,"18,835,623",,,,,,
2005,NV,Total Electric Power Industry,Other Gases,"8,281",,,,,,
2005,NV,Total Electric Power Industry,Petroleum,"20,500",,,,,,
2005,NV,"Electric Generators, Independent Power Producers",Total,"13,955,332",,,,,,
2005,NV,"Electric Generators, Independent Power Producers",Geothermal,"1,262,707",,,,,,
2005,NV,"Electric Generators, Independent Power Producers",Natural Gas,"12,692,625",,,,,,
2005,NV,"Electric Generators, Independent Power Producers",Petroleum,0,,,,,,
2005,NV,"Electric Generators, Electric Utilities",Total,"24,112,225",,,,,,
2005,NV,"Electric Generators, Electric Utilities",Coal,"18,384,261",,,,,,
2005,NV,"Electric Generators, Electric Utilities",Hydroelectric Conventional,"1,702,380",,,,,,
2005,NV,"Electric Generators, Electric Utilities",Natural Gas,"4,005,084",,,,,,
2005,NV,"Electric Generators, Electric Utilities",Other Gases,0,,,,,,
2005,NV,"Electric Generators, Electric Utilities",Petroleum,"20,500",,,,,,
2005,NV,"Combined Heat and Power, Electric Power",Total,"2,146,195",,,,,,
2005,NV,"Combined Heat and Power, Electric Power",Natural Gas,"2,137,914",,,,,,
2005,NV,"Combined Heat and Power, Electric Power",Other Gases,"8,281",,,,,,
2005,NV,"Combined Heat and Power, Electric Power",Petroleum,0,,,,,,
2006,NV,Total Electric Power Industry,Total,"31,860,022",,,,,,
2006,NV,Total Electric Power Industry,Coal,"7,253,521",,,,,,
2006,NV,Total Electric Power Industry,Geothermal,"1,343,711",,,,,,
2006,NV,Total Electric Power Industry,Hydroelectric Conventional,"2,057,626",,,,,,
2006,NV,Total Electric Power Industry,Natural Gas,"21,184,135",,,,,,
2006,NV,Total Electric Power Industry,Other Gases,"3,682",,,,,,
2006,NV,Total Electric Power Industry,Petroleum,"17,347",,,,,,
2006,NV,"Electric Generators, Independent Power Producers",Total,"9,546,359",,,,,,
2006,NV,"Electric Generators, Independent Power Producers",Geothermal,"1,343,711",,,,,,
2006,NV,"Electric Generators, Independent Power Producers",Natural Gas,"8,202,648",,,,,,
2006,NV,"Electric Generators, Independent Power Producers",Petroleum,0,,,,,,
2006,NV,"Electric Generators, Electric Utilities",Total,"19,686,302",,,,,,
2006,NV,"Electric Generators, Electric Utilities",Coal,"7,253,521",,,,,,
2006,NV,"Electric Generators, Electric Utilities",Hydroelectric Conventional,"2,057,626",,,,,,
2006,NV,"Electric Generators, Electric Utilities",Natural Gas,"10,357,808",,,,,,
2006,NV,"Electric Generators, Electric Utilities",Petroleum,"17,347",,,,,,
2006,NV,"Combined Heat and Power, Industrial Power",Total,"345,365",,,,,,
2006,NV,"Combined Heat and Power, Industrial Power",Natural Gas,"345,365",,,,,,
2006,NV,"Combined Heat and Power, Electric Power",Total,"2,281,996",,,,,,
2006,NV,"Combined Heat and Power, Electric Power",Natural Gas,"2,278,314",,,,,,
2006,NV,"Combined Heat and Power, Electric Power",Other Gases,"3,682",,,,,,
2006,NV,"Combined Heat and Power, Electric Power",Petroleum,0,,,,,,
2007,NV,Total Electric Power Industry,Total,"32,669,736",,,,,,
2007,NV,Total Electric Power Industry,Coal,"7,090,911",,,,,,
2007,NV,Total Electric Power Industry,Geothermal,"1,252,691",,,,,,
2007,NV,Total Electric Power Industry,Hydroelectric Conventional,"2,003,191",,,,,,
2007,NV,Total Electric Power Industry,Natural Gas,"22,263,270",,,,,,
2007,NV,Total Electric Power Industry,Other Gases,"4,256",,,,,,
2007,NV,Total Electric Power Industry,Petroleum,"11,450",,,,,,
2007,NV,Total Electric Power Industry,Solar Thermal and Photovoltaic,"43,967",,,,,,
2007,NV,"Electric Generators, Independent Power Producers",Total,"7,623,648",,,,,,
2007,NV,"Electric Generators, Independent Power Producers",Geothermal,"1,252,691",,,,,,
2007,NV,"Electric Generators, Independent Power Producers",Natural Gas,"6,326,990",,,,,,
2007,NV,"Electric Generators, Independent Power Producers",Petroleum,0,,,,,,
2007,NV,"Electric Generators, Independent Power Producers",Solar Thermal and Photovoltaic,"43,967",,,,,,
2007,NV,"Electric Generators, Electric Utilities",Total,"22,376,989",,,,,,
2007,NV,"Electric Generators, Electric Utilities",Coal,"7,090,911",,,,,,
2007,NV,"Electric Generators, Electric Utilities",Hydroelectric Conventional,"2,003,191",,,,,,
2007,NV,"Electric Generators, Electric Utilities",Natural Gas,"13,271,440",,,,,,
2007,NV,"Electric Generators, Electric Utilities",Petroleum,"11,447",,,,,,
2007,NV,"Combined Heat and Power, Industrial Power",Total,"412,459",,,,,,
2007,NV,"Combined Heat and Power, Industrial Power",Natural Gas,"412,459",,,,,,
2007,NV,"Combined Heat and Power, Electric Power",Total,"2,256,640",,,,,,
2007,NV,"Combined Heat and Power, Electric Power",Natural Gas,"2,252,381",,,,,,
2007,NV,"Combined Heat and Power, Electric Power",Other Gases,"4,256",,,,,,
2007,NV,"Combined Heat and Power, Electric Power",Petroleum,3,,,,,,
2008,NV,Total Electric Power Industry,Total,"35,089,974",,,,,,
2008,NV,Total Electric Power Industry,Coal,"7,812,352",,,,,,
2008,NV,Total Electric Power Industry,Geothermal,"1,382,820",,,,,,
2008,NV,Total Electric Power Industry,Hydroelectric Conventional,"1,750,620",,,,,,
2008,NV,Total Electric Power Industry,Natural Gas,"23,971,911",,,,,,
2008,NV,Total Electric Power Industry,Other Gases,"1,987",,,,,,
2008,NV,Total Electric Power Industry,Petroleum,"14,270",,,,,,
2008,NV,Total Electric Power Industry,Solar Thermal and Photovoltaic,"156,013",,,,,,
2008,NV,"Electric Generators, Independent Power Producers",Total,"9,872,122",,,,,,
2008,NV,"Electric Generators, Independent Power Producers",Coal,"927,832",,,,,,
2008,NV,"Electric Generators, Independent Power Producers",Geothermal,"1,382,820",,,,,,
2008,NV,"Electric Generators, Independent Power Producers",Hydroelectric Conventional,"8,131",,,,,,
2008,NV,"Electric Generators, Independent Power Producers",Natural Gas,"7,393,276",,,,,,
2008,NV,"Electric Generators, Independent Power Producers",Petroleum,"4,051",,,,,,
2008,NV,"Electric Generators, Independent Power Producers",Solar Thermal and Photovoltaic,"156,013",,,,,,
2008,NV,"Electric Generators, Electric Utilities",Total,"22,979,409",,,,,,
2008,NV,"Electric Generators, Electric Utilities",Coal,"6,884,521",,,,,,
2008,NV,"Electric Generators, Electric Utilities",Hydroelectric Conventional,"1,742,489",,,,,,
2008,NV,"Electric Generators, Electric Utilities",Natural Gas,"14,342,535",,,,,,
2008,NV,"Electric Generators, Electric Utilities",Petroleum,"9,865",,,,,,
2008,NV,"Combined Heat and Power, Industrial Power",Total,"338,507",,,,,,
2008,NV,"Combined Heat and Power, Industrial Power",Natural Gas,"338,507",,,,,,
2008,NV,"Combined Heat and Power, Industrial Power",Solar Thermal and Photovoltaic,0,,,,,,
2008,NV,"Combined Heat and Power, Electric Power",Total,"1,899,936",,,,,,
2008,NV,"Combined Heat and Power, Electric Power",Natural Gas,"1,897,594",,,,,,
2008,NV,"Combined Heat and Power, Electric Power",Other Gases,"1,987",,,,,,
2008,NV,"Combined Heat and Power, Electric Power",Petroleum,355,,,,,,
2009,NV,Total Electric Power Industry,Total,"37,705,133",,,,,,
2009,NV,Total Electric Power Industry,Coal,"7,539,936",,,,,,
2009,NV,Total Electric Power Industry,Geothermal,"1,633,213",,,,,,
2009,NV,Total Electric Power Industry,Hydroelectric Conventional,"2,460,595",,,,,,
2009,NV,Total Electric Power Industry,Natural Gas,"25,877,621",,,,,,
2009,NV,Total Electric Power Industry,Other Gases,"2,385",,,,,,
2009,NV,Total Electric Power Industry,Petroleum,"16,184",,,,,,
2009,NV,Total Electric Power Industry,Solar Thermal and Photovoltaic,"174,309",,,,,,
2009,NV,Total Electric Power Industry,Wood and Wood Derived Fuels,890,,,,,,
2009,NV,"Electric Generators, Independent Power Producers",Total,"9,392,644",,,,,,
2009,NV,"Electric Generators, Independent Power Producers",Coal,"1,163,050",,,,,,
2009,NV,"Electric Generators, Independent Power Producers",Geothermal,"1,633,213",,,,,,
2009,NV,"Electric Generators, Independent Power Producers",Hydroelectric Conventional,"35,007",,,,,,
2009,NV,"Electric Generators, Independent Power Producers",Natural Gas,"6,380,158",,,,,,
2009,NV,"Electric Generators, Independent Power Producers",Petroleum,"6,907",,,,,,
2009,NV,"Electric Generators, Independent Power Producers",Solar Thermal and Photovoltaic,"174,309",,,,,,
2009,NV,"Electric Generators, Electric Utilities",Total,"26,095,005",,,,,,
2009,NV,"Electric Generators, Electric Utilities",Coal,"6,376,887",,,,,,
2009,NV,"Electric Generators, Electric Utilities",Hydroelectric Conventional,"2,425,588",,,,,,
2009,NV,"Electric Generators, Electric Utilities",Natural Gas,"17,283,168",,,,,,
2009,NV,"Electric Generators, Electric Utilities",Petroleum,"8,472",,,,,,
2009,NV,"Electric Generators, Electric Utilities",Wood and Wood Derived Fuels,890,,,,,,
2009,NV,"Combined Heat and Power, Industrial Power",Total,"204,781",,,,,,
2009,NV,"Combined Heat and Power, Industrial Power",Natural Gas,"204,781",,,,,,
2009,NV,"Combined Heat and Power, Industrial Power",Solar Thermal and Photovoltaic,0,,,,,,
2009,NV,"Combined Heat and Power, Electric Power",Total,"2,012,703",,,,,,
2009,NV,"Combined Heat and Power, Electric Power",Natural Gas,"2,009,514",,,,,,
2009,NV,"Combined Heat and Power, Electric Power",Other Gases,"2,385",,,,,,
2009,NV,"Combined Heat and Power, Electric Power",Petroleum,804,,,,,,
2009,NV,"Combined Heat and Power, Commercial Power",Total,0,,,,,,
2009,NV,"Combined Heat and Power, Commercial Power",Natural Gas,0,,,,,,
2010,NV,Total Electric Power Industry,Total,"35,146,248",,,,,,
2010,NV,Total Electric Power Industry,Coal,"6,997,302",,,,,,
2010,NV,Total Electric Power Industry,Geothermal,"2,069,730",,,,,,
2010,NV,Total Electric Power Industry,Hydroelectric Conventional,"2,157,296",,,,,,
2010,NV,Total Electric Power Industry,Natural Gas,"23,688,192",,,,,,
2010,NV,Total Electric Power Industry,Other,0,,,,,,
2010,NV,Total Electric Power Industry,Other Gases,"5,652",,,,,,
2010,NV,Total Electric Power Industry,Petroleum,"11,158",,,,,,
2010,NV,Total Electric Power Industry,Solar Thermal and Photovoltaic,"216,917",,,,,,
2010,NV,Total Electric Power Industry,Wood and Wood Derived Fuels,0,,,,,,
2010,NV,"Electric Generators, Independent Power Producers",Total,"9,015,287",,,,,,
2010,NV,"Electric Generators, Independent Power Producers",Coal,"1,412,933",,,,,,
2010,NV,"Electric Generators, Independent Power Producers",Geothermal,"2,069,730",,,,,,
2010,NV,"Electric Generators, Independent Power Producers",Hydroelectric Conventional,"39,550",,,,,,
2010,NV,"Electric Generators, Independent Power Producers",Natural Gas,"5,274,379",,,,,,
2010,NV,"Electric Generators, Independent Power Producers",Petroleum,"3,472",,,,,,
2010,NV,"Electric Generators, Independent Power Producers",Solar Thermal and Photovoltaic,"215,223",,,,,,
2010,NV,"Electric Generators, Electric Utilities",Total,"23,710,917",,,,,,
2010,NV,"Electric Generators, Electric Utilities",Coal,"5,584,370",,,,,,
2010,NV,"Electric Generators, Electric Utilities",Hydroelectric Conventional,"2,117,746",,,,,,
2010,NV,"Electric Generators, Electric Utilities",Natural Gas,"16,001,126",,,,,,
2010,NV,"Electric Generators, Electric Utilities",Other,0,,,,,,
2010,NV,"Electric Generators, Electric Utilities",Petroleum,"7,675",,,,,,
2010,NV,"Electric Generators, Electric Utilities",Wood and Wood Derived Fuels,0,,,,,,
2010,NV,"Combined Heat and Power, Industrial Power",Total,"200,879",,,,,,
2010,NV,"Combined Heat and Power, Industrial Power",Natural Gas,"199,185",,,,,,
2010,NV,"Combined Heat and Power, Industrial Power",Solar Thermal and Photovoltaic,"1,694",,,,,,
2010,NV,"Combined Heat and Power, Electric Power",Total,"2,156,977",,,,,,
2010,NV,"Combined Heat and Power, Electric Power",Natural Gas,"2,151,314",,,,,,
2010,NV,"Combined Heat and Power, Electric Power",Other Gases,"5,652",,,,,,
2010,NV,"Combined Heat and Power, Electric Power",Petroleum,11,,,,,,
2010,NV,"Combined Heat and Power, Commercial Power",Total,"62,188",,,,,,
2010,NV,"Combined Heat and Power, Commercial Power",Natural Gas,"62,188",,,,,,
2011,NV,Total Electric Power Industry,Total,"31,935,918",,,,,,
2011,NV,Total Electric Power Industry,Coal,"5,407,304",,,,,,
2011,NV,Total Electric Power Industry,Geothermal,"2,146,119",,,,,,
2011,NV,Total Electric Power Industry,Hydroelectric Conventional,"2,190,583",,,,,,
2011,NV,Total Electric Power Industry,Natural Gas,"21,841,397",,,,,,
2011,NV,Total Electric Power Industry,Other,"37,817",,,,,,
2011,NV,Total Electric Power Industry,Other Gases,"7,261",,,,,,
2011,NV,Total Electric Power Industry,Petroleum,"14,213",,,,,,
2011,NV,Total Electric Power Industry,Solar Thermal and Photovoltaic,"291,225",,,,,,
2011,NV,Total Electric Power Industry,Wood and Wood Derived Fuels,0,,,,,,
2011,NV,"Electric Generators, Independent Power Producers",Total,"7,834,824",,,,,,
2011,NV,"Electric Generators, Independent Power Producers",Coal,"1,314,742",,,,,,
2011,NV,"Electric Generators, Independent Power Producers",Geothermal,"2,146,119",,,,,,
2011,NV,"Electric Generators, Independent Power Producers",Hydroelectric Conventional,"46,492",,,,,,
2011,NV,"Electric Generators, Independent Power Producers",Natural Gas,"4,065,253",,,,,,
2011,NV,"Electric Generators, Independent Power Producers",Petroleum,"4,365",,,,,,
2011,NV,"Electric Generators, Independent Power Producers",Solar Thermal and Photovoltaic,"257,853",,,,,,
2011,NV,"Electric Generators, Electric Utilities",Total,"21,672,875",,,,,,
2011,NV,"Electric Generators, Electric Utilities",Coal,"4,092,563",,,,,,
2011,NV,"Electric Generators, Electric Utilities",Hydroelectric Conventional,"2,144,091",,,,,,
2011,NV,"Electric Generators, Electric Utilities",Natural Gas,"15,388,561",,,,,,
2011,NV,"Electric Generators, Electric Utilities",Other,"37,817",,,,,,
2011,NV,"Electric Generators, Electric Utilities",Petroleum,"9,843",,,,,,
2011,NV,"Electric Generators, Electric Utilities",Wood and Wood Derived Fuels,0,,,,,,
2011,NV,"Combined Heat and Power, Industrial Power",Total,"168,989",,,,,,
2011,NV,"Combined Heat and Power, Industrial Power",Natural Gas,"167,742",,,,,,
2011,NV,"Combined Heat and Power, Industrial Power",Solar Thermal and Photovoltaic,"1,247",,,,,,
2011,NV,"Combined Heat and Power, Electric Power",Total,"2,167,210",,,,,,
2011,NV,"Combined Heat and Power, Electric Power",Natural Gas,"2,159,945",,,,,,
2011,NV,"Combined Heat and Power, Electric Power",Other Gases,"7,261",,,,,,
2011,NV,"Combined Heat and Power, Electric Power",Petroleum,4,,,,,,
2011,NV,"Combined Heat and Power, Commercial Power",Total,"92,020",,,,,,
2011,NV,"Combined Heat and Power, Commercial Power",Natural Gas,"59,896",,,,,,
2011,NV,"Combined Heat and Power, Commercial Power",Solar Thermal and Photovoltaic,"32,125",,,,,,
2012,NV,Total Electric Power Industry,Total,"35,173,263",,,,,,
2012,NV,Total Electric Power Industry,Coal,"4,079,432",,,,,,
2012,NV,Total Electric Power Industry,Geothermal,"2,347,465",,,,,,
2012,NV,Total Electric Power Industry,Hydroelectric Conventional,"2,440,415",,,,,,
2012,NV,Total Electric Power Industry,Natural Gas,"25,646,658",,,,,,
2012,NV,Total Electric Power Industry,Other Gases,"7,324",,,,,,
2012,NV,Total Electric Power Industry,Other,"11,929",,,,,,
2012,NV,Total Electric Power Industry,Petroleum,"18,875",,,,,,
2012,NV,Total Electric Power Industry,Solar Thermal and Photovoltaic,"473,417",,,,,,
2012,NV,Total Electric Power Industry,Other Biomass,"18,961",,,,,,
2012,NV,Total Electric Power Industry,Wind,"128,788",,,,,,
2012,NV,Total Electric Power Industry,Wood and Wood Derived Fuels,0,,,,,,
2012,NV,"Combined Heat and Power, Industrial Power",Total,"264,369",,,,,,
2012,NV,"Combined Heat and Power, Industrial Power",Natural Gas,"261,599",,,,,,
2012,NV,"Combined Heat and Power, Industrial Power",Solar Thermal and Photovoltaic,"2,770",,,,,,
2012,NV,"Combined Heat and Power, Commercial Power",Total,"92,289",,,,,,
2012,NV,"Combined Heat and Power, Commercial Power",Natural Gas,"60,130",,,,,,
2012,NV,"Combined Heat and Power, Commercial Power",Solar Thermal and Photovoltaic,"32,159",,,,,,
2012,NV,"Combined Heat and Power, Electric Power",Total,"2,147,174",,,,,,
2012,NV,"Combined Heat and Power, Electric Power",Natural Gas,"2,139,845",,,,,,
2012,NV,"Combined Heat and Power, Electric Power",Other Gases,"7,324",,,,,,
2012,NV,"Combined Heat and Power, Electric Power",Petroleum,5,,,,,,
2012,NV,"Electric Generators, Independent Power Producers",Total,"8,483,394",,,,,,
2012,NV,"Electric Generators, Independent Power Producers",Coal,"1,115,054",,,,,,
2012,NV,"Electric Generators, Independent Power Producers",Geothermal,"2,347,465",,,,,,
2012,NV,"Electric Generators, Independent Power Producers",Hydroelectric Conventional,"41,699",,,,,,
2012,NV,"Electric Generators, Independent Power Producers",Natural Gas,"4,387,275",,,,,,
2012,NV,"Electric Generators, Independent Power Producers",Petroleum,"5,665",,,,,,
2012,NV,"Electric Generators, Independent Power Producers",Solar Thermal and Photovoltaic,"438,488",,,,,,
2012,NV,"Electric Generators, Independent Power Producers",Other Biomass,"18,961",,,,,,
2012,NV,"Electric Generators, Independent Power Producers",Wind,"128,788",,,,,,
2012,NV,"Electric Generators, Electric Utilities",Total,"24,186,037",,,,,,
2012,NV,"Electric Generators, Electric Utilities",Coal,"2,964,377",,,,,,
2012,NV,"Electric Generators, Electric Utilities",Hydroelectric Conventional,"2,398,716",,,,,,
2012,NV,"Electric Generators, Electric Utilities",Natural Gas,"18,797,809",,,,,,
2012,NV,"Electric Generators, Electric Utilities",Other,"11,929",,,,,,
2012,NV,"Electric Generators, Electric Utilities",Petroleum,"13,205",,,,,,
2012,NV,"Electric Generators, Electric Utilities",Wood and Wood Derived Fuels,0,,,,,,
2013,NV,Total Electric Power Industry,Total,"36,443,874",,,,,,
2013,NV,Total Electric Power Industry,Coal,"5,254,553",,,,,,
2013,NV,Total Electric Power Industry,Geothermal,"2,669,953",,,,,,
2013,NV,Total Electric Power Industry,Hydroelectric Conventional,"2,681,943",,,,,,
2013,NV,Total Electric Power Industry,Natural Gas,"24,766,633",,,,,,
2013,NV,Total Electric Power Industry,Other,"25,389",,,,,,
2013,NV,Total Electric Power Industry,Other Biomass,"24,277",,,,,,
2013,NV,Total Electric Power Industry,Other Gases,"6,304",,,,,,
2013,NV,Total Electric Power Industry,Petroleum,"18,890",,,,,,
2013,NV,Total Electric Power Industry,Solar Thermal and Photovoltaic,"745,382",,,,,,
2013,NV,Total Electric Power Industry,Wind,"250,549",,,,,,
2013,NV,Total Electric Power Industry,Wood and Wood Derived Fuels,0,,,,,,
2013,NV,"Electric Generators, Independent Power Producers",Total,"6,052,984",,,,,,
2013,NV,"Electric Generators, Independent Power Producers",Coal,"1,391,279",,,,,,
2013,NV,"Electric Generators, Independent Power Producers",Geothermal,"2,669,953",,,,,,
2013,NV,"Electric Generators, Independent Power Producers",Hydroelectric Conventional,"53,710",,,,,,
2013,NV,"Electric Generators, Independent Power Producers",Natural Gas,"948,458",,,,,,
2013,NV,"Electric Generators, Independent Power Producers",Other Biomass,"24,277",,,,,,
2013,NV,"Electric Generators, Independent Power Producers",Petroleum,"3,781",,,,,,
2013,NV,"Electric Generators, Independent Power Producers",Solar Thermal and Photovoltaic,"710,977",,,,,,
2013,NV,"Electric Generators, Independent Power Producers",Wind,"250,549",,,,,,
2013,NV,"Electric Generators, Electric Utilities",Total,"27,888,008",,,,,,
2013,NV,"Electric Generators, Electric Utilities",Coal,"3,863,274",,,,,,
2013,NV,"Electric Generators, Electric Utilities",Hydroelectric Conventional,"2,628,233",,,,,,
2013,NV,"Electric Generators, Electric Utilities",Natural Gas,"21,356,006",,,,,,
2013,NV,"Electric Generators, Electric Utilities",Other,"25,389",,,,,,
2013,NV,"Electric Generators, Electric Utilities",Petroleum,"15,106",,,,,,
2013,NV,"Electric Generators, Electric Utilities",Wood and Wood Derived Fuels,0,,,,,,
2013,NV,"Combined Heat and Power, Industrial Power",Total,"250,560",,,,,,
2013,NV,"Combined Heat and Power, Industrial Power",Natural Gas,"247,913",,,,,,
2013,NV,"Combined Heat and Power, Industrial Power",Solar Thermal and Photovoltaic,"2,647",,,,,,
2013,NV,"Combined Heat and Power, Electric Power",Total,"2,153,869",,,,,,
2013,NV,"Combined Heat and Power, Electric Power",Natural Gas,"2,147,561",,,,,,
2013,NV,"Combined Heat and Power, Electric Power",Other Gases,"6,304",,,,,,
2013,NV,"Combined Heat and Power, Electric Power",Petroleum,3,,,,,,
2013,NV,"Combined Heat and Power, Commercial Power",Total,"98,453",,,,,,
2013,NV,"Combined Heat and Power, Commercial Power",Natural Gas,"66,695",,,,,,
2013,NV,"Combined Heat and Power, Commercial Power",Solar Thermal and Photovoltaic,"31,758",,,,,,
2014,NV,Total Electric Power Industry,Total,"36,000,537",,,,,,
2014,NV,Total Electric Power Industry,Coal,"6,547,864",,,,,,
2014,NV,Total Electric Power Industry,Geothermal,"2,728,788",,,,,,
2014,NV,Total Electric Power Industry,Hydroelectric Conventional,"2,389,000",,,,,,
2014,NV,Total Electric Power Industry,Natural Gas,"22,961,355",,,,,,
2014,NV,Total Electric Power Industry,Other Gases,"5,151",,,,,,
2014,NV,Total Electric Power Industry,Other,"14,965",,,,,,
2014,NV,Total Electric Power Industry,Petroleum,"15,030",,,,,,
2014,NV,Total Electric Power Industry,Solar Thermal and Photovoltaic,"1,013,682",,,,,,
2014,NV,Total Electric Power Industry,Other Biomass,"24,568",,,,,,
2014,NV,Total Electric Power Industry,Wind,"300,134",,,,,,
2014,NV,Total Electric Power Industry,Wood and Wood Derived Fuels,0,,,,,,
2014,NV,"Combined Heat and Power, Industrial Power",Total,"240,964",,,,,,
2014,NV,"Combined Heat and Power, Industrial Power",Natural Gas,"238,404",,,,,,
2014,NV,"Combined Heat and Power, Industrial Power",Solar Thermal and Photovoltaic,"2,560",,,,,,
2014,NV,"Combined Heat and Power, Commercial Power",Total,"95,465",,,,,,
2014,NV,"Combined Heat and Power, Commercial Power",Natural Gas,"64,263",,,,,,
2014,NV,"Combined Heat and Power, Commercial Power",Solar Thermal and Photovoltaic,"31,202",,,,,,
2014,NV,"Combined Heat and Power, Electric Power",Total,"2,208,897",,,,,,
2014,NV,"Combined Heat and Power, Electric Power",Natural Gas,"2,203,693",,,,,,
2014,NV,"Combined Heat and Power, Electric Power",Other Gases,"5,151",,,,,,
2014,NV,"Combined Heat and Power, Electric Power",Petroleum,53,,,,,,
2014,NV,"Electric Generators, Independent Power Producers",Total,"5,696,483",,,,,,
2014,NV,"Electric Generators, Independent Power Producers",Coal,"1,422,040",,,,,,
2014,NV,"Electric Generators, Independent Power Producers",Geothermal,"2,728,788",,,,,,
2014,NV,"Electric Generators, Independent Power Producers",Hydroelectric Conventional,"36,692",,,,,,
2014,NV,"Electric Generators, Independent Power Producers",Natural Gas,"202,095",,,,,,
2014,NV,"Electric Generators, Independent Power Producers",Petroleum,"2,246",,,,,,
2014,NV,"Electric Generators, Independent Power Producers",Solar Thermal and Photovoltaic,"979,920",,,,,,
2014,NV,"Electric Generators, Independent Power Producers",Other Biomass,"24,568",,,,,,
2014,NV,"Electric Generators, Independent Power Producers",Wind,"300,134",,,,,,
2014,NV,"Electric Generators, Electric Utilities",Total,"27,758,728",,,,,,
2014,NV,"Electric Generators, Electric Utilities",Coal,"5,125,823",,,,,,
2014,NV,"Electric Generators, Electric Utilities",Hydroelectric Conventional,"2,352,308",,,,,,
2014,NV,"Electric Generators, Electric Utilities",Natural Gas,"20,252,900",,,,,,
2014,NV,"Electric Generators, Electric Utilities",Other,"14,965",,,,,,
2014,NV,"Electric Generators, Electric Utilities",Petroleum,"12,732",,,,,,
2014,NV,"Electric Generators, Electric Utilities",Wood and Wood Derived Fuels,0,,,,,,
2015,NV,Total Electric Power Industry,Total,"39,046,784",,,,,,
2015,NV,Total Electric Power Industry,Coal,"2,657,289",,,,,,
2015,NV,Total Electric Power Industry,Geothermal,"3,110,504",,,,,,
2015,NV,Total Electric Power Industry,Hydroelectric Conventional,"2,264,136",,,,,,
2015,NV,Total Electric Power Industry,Natural Gas,"28,999,514",,,,,,
2015,NV,Total Electric Power Industry,Other Gases,"5,523",,,,,,
2015,NV,Total Electric Power Industry,Other,"1,013",,,,,,
2015,NV,Total Electric Power Industry,Petroleum,"15,982",,,,,,
2015,NV,Total Electric Power Industry,Solar Thermal and Photovoltaic,"1,657,405",,,,,,
2015,NV,Total Electric Power Industry,Other Biomass,"25,695",,,,,,
2015,NV,Total Electric Power Industry,Wind,"309,724",,,,,,
2015,NV,"Combined Heat and Power, Industrial Power",Total,"304,750",,,,,,
2015,NV,"Combined Heat and Power, Industrial Power",Natural Gas,"302,249",,,,,,
2015,NV,"Combined Heat and Power, Industrial Power",Solar Thermal and Photovoltaic,"2,501",,,,,,
2015,NV,"Combined Heat and Power, Commercial Power",Total,"114,061",,,,,,
2015,NV,"Combined Heat and Power, Commercial Power",Natural Gas,"69,233",,,,,,
2015,NV,"Combined Heat and Power, Commercial Power",Solar Thermal and Photovoltaic,"44,828",,,,,,
2015,NV,"Combined Heat and Power, Electric Power",Total,"2,203,014",,,,,,
2015,NV,"Combined Heat and Power, Electric Power",Natural Gas,"2,197,475",,,,,,
2015,NV,"Combined Heat and Power, Electric Power",Other Gases,"5,523",,,,,,
2015,NV,"Combined Heat and Power, Electric Power",Petroleum,16,,,,,,
2015,NV,"Electric Generators, Independent Power Producers",Total,"5,928,306",,,,,,
2015,NV,"Electric Generators, Independent Power Producers",Coal,"853,306",,,,,,
2015,NV,"Electric Generators, Independent Power Producers",Geothermal,"3,110,504",,,,,,
2015,NV,"Electric Generators, Independent Power Producers",Hydroelectric Conventional,"15,487",,,,,,
2015,NV,"Electric Generators, Independent Power Producers",Natural Gas,"2,140",,,,,,
2015,NV,"Electric Generators, Independent Power Producers",Petroleum,"3,450",,,,,,
2015,NV,"Electric Generators, Independent Power Producers",Solar Thermal and Photovoltaic,"1,608,000",,,,,,
2015,NV,"Electric Generators, Independent Power Producers",Other Biomass,"25,695",,,,,,
2015,NV,"Electric Generators, Independent Power Producers",Wind,"309,724",,,,,,
2015,NV,"Electric Generators, Electric Utilities",Total,"30,496,653",,,,,,
2015,NV,"Electric Generators, Electric Utilities",Coal,"1,803,983",,,,,,
2015,NV,"Electric Generators, Electric Utilities",Hydroelectric Conventional,"2,248,649",,,,,,
2015,NV,"Electric Generators, Electric Utilities",Natural Gas,"26,428,416",,,,,,
2015,NV,"Electric Generators, Electric Utilities",Other,"1,013",,,,,,
2015,NV,"Electric Generators, Electric Utilities",Petroleum,"12,516",,,,,,
2015,NV,"Electric Generators, Electric Utilities",Solar Thermal and Photovoltaic,"2,076",,,,,,
2016,NV,Total Electric Power Industry,Total,"39,787,005",,,,,,
2016,NV,Total Electric Power Industry,Coal,"2,166,831",,,,,,
2016,NV,Total Electric Power Industry,Geothermal,"3,353,399",,,,,,
2016,NV,Total Electric Power Industry,Hydroelectric Conventional,"1,789,219",,,,,,
2016,NV,Total Electric Power Industry,Natural Gas,"28,921,612",,,,,,
2016,NV,Total Electric Power Industry,Other Gases,742,,,,,,
2016,NV,Total Electric Power Industry,Other,"21,028",,,,,,
2016,NV,Total Electric Power Industry,Petroleum,"10,985",,,,,,
2016,NV,Total Electric Power Industry,Solar Thermal and Photovoltaic,"3,124,060",,,,,,
2016,NV,Total Electric Power Industry,Other Biomass,"55,264",,,,,,
2016,NV,Total Electric Power Industry,Wind,"343,865",,,,,,
2016,NV,"Combined Heat and Power, Industrial Power",Total,"280,397",,,,,,
2016,NV,"Combined Heat and Power, Industrial Power",Natural Gas,"277,851",,,,,,
2016,NV,"Combined Heat and Power, Industrial Power",Solar Thermal and Photovoltaic,"2,546",,,,,,
2016,NV,"Combined Heat and Power, Commercial Power",Total,"126,141",,,,,,
2016,NV,"Combined Heat and Power, Commercial Power",Natural Gas,"65,397",,,,,,
2016,NV,"Combined Heat and Power, Commercial Power",Solar Thermal and Photovoltaic,"60,744",,,,,,
2016,NV,"Combined Heat and Power, Electric Power",Total,"2,207,798",,,,,,
2016,NV,"Combined Heat and Power, Electric Power",Natural Gas,"2,207,035",,,,,,
2016,NV,"Combined Heat and Power, Electric Power",Other Gases,742,,,,,,
2016,NV,"Combined Heat and Power, Electric Power",Petroleum,20,,,,,,
2016,NV,"Electric Generators, Independent Power Producers",Total,"7,696,288",,,,,,
2016,NV,"Electric Generators, Independent Power Producers",Coal,"887,760",,,,,,
2016,NV,"Electric Generators, Independent Power Producers",Geothermal,"3,353,399",,,,,,
2016,NV,"Electric Generators, Independent Power Producers",Hydroelectric Conventional,"41,097",,,,,,
2016,NV,"Electric Generators, Independent Power Producers",Natural Gas,"2,244",,,,,,
2016,NV,"Electric Generators, Independent Power Producers",Petroleum,"2,962",,,,,,
2016,NV,"Electric Generators, Independent Power Producers",Solar Thermal and Photovoltaic,"3,009,697",,,,,,
2016,NV,"Electric Generators, Independent Power Producers",Other Biomass,"55,264",,,,,,
2016,NV,"Electric Generators, Independent Power Producers",Wind,"343,865",,,,,,
2016,NV,"Electric Generators, Electric Utilities",Total,"29,476,381",,,,,,
2016,NV,"Electric Generators, Electric Utilities",Coal,"1,279,071",,,,,,
2016,NV,"Electric Generators, Electric Utilities",Hydroelectric Conventional,"1,748,122",,,,,,
2016,NV,"Electric Generators, Electric Utilities",Natural Gas,"26,369,084",,,,,,
2016,NV,"Electric Generators, Electric Utilities",Other,"21,028",,,,,,
2016,NV,"Electric Generators, Electric Utilities",Petroleum,"8,003",,,,,,
2016,NV,"Electric Generators, Electric Utilities",Solar Thermal and Photovoltaic,"51,073",,,,,,
2017,NV,Total Electric Power Industry,Total,"38,201,294",,,,,,
2017,NV,Total Electric Power Industry,Coal,"1,865,592",,,,,,
2017,NV,Total Electric Power Industry,Geothermal,"3,291,874",,,,,,
2017,NV,Total Electric Power Industry,Hydroelectric Conventional,"1,812,700",,,,,,
2017,NV,Total Electric Power Industry,Natural Gas,"26,625,904",,,,,,
2017,NV,Total Electric Power Industry,Other Gases,0,,,,,,
2017,NV,Total Electric Power Industry,Other,"31,566",,,,,,
2017,NV,Total Electric Power Industry,Petroleum,"8,746",,,,,,
2017,NV,Total Electric Power Industry,Solar Thermal and Photovoltaic,"4,145,867",,,,,,
2017,NV,Total Electric Power Industry,Other Biomass,"57,681",,,,,,
2017,NV,Total Electric Power Industry,Wind,"361,364",,,,,,
2017,NV,"Combined Heat and Power, Industrial Power",Total,"293,789",,,,,,
2017,NV,"Combined Heat and Power, Industrial Power",Natural Gas,"291,274",,,,,,
2017,NV,"Combined Heat and Power, Industrial Power",Solar Thermal and Photovoltaic,"2,515",,,,,,
2017,NV,"Combined Heat and Power, Commercial Power",Total,"126,852",,,,,,
2017,NV,"Combined Heat and Power, Commercial Power",Natural Gas,"60,408",,,,,,
2017,NV,"Combined Heat and Power, Commercial Power",Solar Thermal and Photovoltaic,"66,444",,,,,,
2017,NV,"Combined Heat and Power, Electric Power",Total,"2,153,192",,,,,,
2017,NV,"Combined Heat and Power, Electric Power",Natural Gas,"2,153,192",,,,,,
2017,NV,"Combined Heat and Power, Electric Power",Other Gases,0,,,,,,
2017,NV,"Combined Heat and Power, Electric Power",Petroleum,0,,,,,,
2017,NV,"Electric Generators, Independent Power Producers",Total,"8,791,828",,,,,,
2017,NV,"Electric Generators, Independent Power Producers",Coal,"964,091",,,,,,
2017,NV,"Electric Generators, Independent Power Producers",Geothermal,"3,291,874",,,,,,
2017,NV,"Electric Generators, Independent Power Producers",Hydroelectric Conventional,"73,817",,,,,,
2017,NV,"Electric Generators, Independent Power Producers",Natural Gas,"2,578",,,,,,
2017,NV,"Electric Generators, Independent Power Producers",Petroleum,"3,740",,,,,,
2017,NV,"Electric Generators, Independent Power Producers",Solar Thermal and Photovoltaic,"4,036,683",,,,,,
2017,NV,"Electric Generators, Independent Power Producers",Other Biomass,"57,681",,,,,,
2017,NV,"Electric Generators, Independent Power Producers",Wind,"361,364",,,,,,
2017,NV,"Electric Generators, Electric Utilities",Total,"26,835,633",,,,,,
2017,NV,"Electric Generators, Electric Utilities",Coal,"901,501",,,,,,
2017,NV,"Electric Generators, Electric Utilities",Hydroelectric Conventional,"1,738,883",,,,,,
2017,NV,"Electric Generators, Electric Utilities",Natural Gas,"24,118,452",,,,,,
2017,NV,"Electric Generators, Electric Utilities",Other,"31,566",,,,,,
2017,NV,"Electric Generators, Electric Utilities",Petroleum,"5,006",,,,,,
2017,NV,"Electric Generators, Electric Utilities",Solar Thermal and Photovoltaic,"40,225",,,,,,
2018,NV,Total Electric Power Industry,Total,"39,640,241",,,,,,
2018,NV,Total Electric Power Industry,Coal,"2,485,046",,,,,,
2018,NV,Total Electric Power Industry,Geothermal,"3,461,982",,,,,,
2018,NV,Total Electric Power Industry,Hydroelectric Conventional,"1,881,266",,,,,,
2018,NV,Total Electric Power Industry,Natural Gas,"26,688,612",,,,,,
2018,NV,Total Electric Power Industry,Other Gases,0,,,,,,
2018,NV,Total Electric Power Industry,Other,"28,782",,,,,,
2018,NV,Total Electric Power Industry,Petroleum,"10,245",,,,,,
2018,NV,Total Electric Power Industry,Solar Thermal and Photovoltaic,"4,718,895",,,,,,
2018,NV,Total Electric Power Industry,Other Biomass,"53,066",,,,,,
2018,NV,Total Electric Power Industry,Wind,"312,348",,,,,,
2018,NV,"Combined Heat and Power, Industrial Power",Total,"332,233",,,,,,
2018,NV,"Combined Heat and Power, Industrial Power",Natural Gas,"329,725",,,,,,
2018,NV,"Combined Heat and Power, Industrial Power",Solar Thermal and Photovoltaic,"2,508",,,,,,
2018,NV,"Combined Heat and Power, Commercial Power",Total,"159,414",,,,,,
2018,NV,"Combined Heat and Power, Commercial Power",Geothermal,"33,442",,,,,,
2018,NV,"Combined Heat and Power, Commercial Power",Natural Gas,"62,250",,,,,,
2018,NV,"Combined Heat and Power, Commercial Power",Solar Thermal and Photovoltaic,"63,722",,,,,,
2018,NV,"Combined Heat and Power, Electric Power",Total,"2,146,536",,,,,,
2018,NV,"Combined Heat and Power, Electric Power",Natural Gas,"2,146,536",,,,,,
2018,NV,"Combined Heat and Power, Electric Power",Other Gases,0,,,,,,
2018,NV,"Combined Heat and Power, Electric Power",Petroleum,0,,,,,,
2018,NV,"Electric Generators, Independent Power Producers",Total,"9,520,528",,,,,,
2018,NV,"Electric Generators, Independent Power Producers",Coal,"1,042,500",,,,,,
2018,NV,"Electric Generators, Independent Power Producers",Geothermal,"3,428,540",,,,,,
2018,NV,"Electric Generators, Independent Power Producers",Hydroelectric Conventional,"66,620",,,,,,
2018,NV,"Electric Generators, Independent Power Producers",Natural Gas,"2,572",,,,,,
2018,NV,"Electric Generators, Independent Power Producers",Petroleum,"2,867",,,,,,
2018,NV,"Electric Generators, Independent Power Producers",Solar Thermal and Photovoltaic,"4,612,015",,,,,,
2018,NV,"Electric Generators, Independent Power Producers",Other Biomass,"53,066",,,,,,
2018,NV,"Electric Generators, Independent Power Producers",Wind,"312,348",,,,,,
2018,NV,"Electric Generators, Electric Utilities",Total,"27,481,530",,,,,,
2018,NV,"Electric Generators, Electric Utilities",Coal,"1,442,546",,,,,,
2018,NV,"Electric Generators, Electric Utilities",Hydroelectric Conventional,"1,814,646",,,,,,
2018,NV,"Electric Generators, Electric Utilities",Natural Gas,"24,147,528",,,,,,
2018,NV,"Electric Generators, Electric Utilities",Other,"28,782",,,,,,
2018,NV,"Electric Generators, Electric Utilities",Petroleum,"7,378",,,,,,
2018,NV,"Electric Generators, Electric Utilities",Solar Thermal and Photovoltaic,"40,650",,,,,,
2019,NV,Total Electric Power Industry,Total,"39,889,660",,,,,,
2019,NV,Total Electric Power Industry,Coal,"2,735,457",,,,,,
2019,NV,Total Electric Power Industry,Geothermal,"3,909,124",,,,,,
2019,NV,Total Electric Power Industry,Hydroelectric Conventional,"2,242,057",,,,,,
2019,NV,Total Electric Power Industry,Natural Gas,"25,774,966",,,,,,
2019,NV,Total Electric Power Industry,Other Gases,0,,,,,,
2019,NV,Total Electric Power Industry,Other,"21,519",,,,,,
2019,NV,Total Electric Power Industry,Petroleum,"12,345",,,,,,
2019,NV,Total Electric Power Industry,Solar Thermal and Photovoltaic,"4,810,511",,,,,,
2019,NV,Total Electric Power Industry,Other Biomass,"54,282",,,,,,
2019,NV,Total Electric Power Industry,Wind,"329,399",,,,,,
2019,NV,"Combined Heat and Power, Industrial Power",Total,"312,236",,,,,,
2019,NV,"Combined Heat and Power, Industrial Power",Natural Gas,"309,793",,,,,,
2019,NV,"Combined Heat and Power, Industrial Power",Solar Thermal and Photovoltaic,"2,443",,,,,,
2019,NV,"Combined Heat and Power, Commercial Power",Total,"569,354",,,,,,
2019,NV,"Combined Heat and Power, Commercial Power",Geothermal,"441,753",,,,,,
2019,NV,"Combined Heat and Power, Commercial Power",Natural Gas,"63,130",,,,,,
2019,NV,"Combined Heat and Power, Commercial Power",Solar Thermal and Photovoltaic,"64,471",,,,,,
2019,NV,"Combined Heat and Power, Electric Power",Total,"2,173,161",,,,,,
2019,NV,"Combined Heat and Power, Electric Power",Natural Gas,"2,173,161",,,,,,
2019,NV,"Combined Heat and Power, Electric Power",Other Gases,0,,,,,,
2019,NV,"Combined Heat and Power, Electric Power",Petroleum,0,,,,,,
2019,NV,"Electric Generators, Independent Power Producers",Total,"9,541,908",,,,,,
2019,NV,"Electric Generators, Independent Power Producers",Coal,"1,046,847",,,,,,
2019,NV,"Electric Generators, Independent Power Producers",Geothermal,"3,467,371",,,,,,
2019,NV,"Electric Generators, Independent Power Producers",Hydroelectric Conventional,"66,342",,,,,,
2019,NV,"Electric Generators, Independent Power Producers",Natural Gas,"2,307",,,,,,
2019,NV,"Electric Generators, Independent Power Producers",Petroleum,"2,234",,,,,,
2019,NV,"Electric Generators, Independent Power Producers",Solar Thermal and Photovoltaic,"4,573,126",,,,,,
2019,NV,"Electric Generators, Independent Power Producers",Other Biomass,"54,282",,,,,,
2019,NV,"Electric Generators, Independent Power Producers",Wind,"329,399",,,,,,
2019,NV,"Electric Generators, Electric Utilities",Total,"27,293,001",,,,,,
2019,NV,"Electric Generators, Electric Utilities",Coal,"1,688,610",,,,,,
2019,NV,"Electric Generators, Electric Utilities",Hydroelectric Conventional,"2,175,715",,,,,,
2019,NV,"Electric Generators, Electric Utilities",Natural Gas,"23,226,575",,,,,,
2019,NV,"Electric Generators, Electric Utilities",Other,"21,519",,,,,,
2019,NV,"Electric Generators, Electric Utilities",Petroleum,"10,111",,,,,,
2019,NV,"Electric Generators, Electric Utilities",Solar Thermal and Photovoltaic,"170,471",,,,,,
2020,NV,Total Electric Power Industry,Total,"40,424,745",,,,,,
2020,NV,Total Electric Power Industry,Coal,"1,953,201",,,,,,
2020,NV,Total Electric Power Industry,Geothermal,"3,800,921",,,,,,
2020,NV,Total Electric Power Industry,Hydroelectric Conventional,"1,923,366",,,,,,
2020,NV,Total Electric Power Industry,Natural Gas,"26,801,321",,,,,,
2020,NV,Total Electric Power Industry,Other Gases,0,,,,,,
2020,NV,Total Electric Power Industry,Other,"25,805",,,,,,
2020,NV,Total Electric Power Industry,Petroleum,"6,265",,,,,,
2020,NV,Total Electric Power Industry,Solar Thermal and Photovoltaic,"5,534,819",,,,,,
2020,NV,Total Electric Power Industry,Other Biomass,"54,244",,,,,,
2020,NV,Total Electric Power Industry,Wind,"324,803",,,,,,
2020,NV,"Combined Heat and Power, Industrial Power",Total,"328,527",,,,,,
2020,NV,"Combined Heat and Power, Industrial Power",Natural Gas,"324,544",,,,,,
2020,NV,"Combined Heat and Power, Industrial Power",Solar Thermal and Photovoltaic,"3,983",,,,,,
2020,NV,"Combined Heat and Power, Commercial Power",Total,"572,954",,,,,,
2020,NV,"Combined Heat and Power, Commercial Power",Geothermal,"448,941",,,,,,
2020,NV,"Combined Heat and Power, Commercial Power",Natural Gas,"60,643",,,,,,
2020,NV,"Combined Heat and Power, Commercial Power",Solar Thermal and Photovoltaic,"63,370",,,,,,
2020,NV,"Combined Heat and Power, Electric Power",Total,"2,187,158",,,,,,
2020,NV,"Combined Heat and Power, Electric Power",Natural Gas,"2,187,158",,,,,,
2020,NV,"Combined Heat and Power, Electric Power",Other Gases,0,,,,,,
2020,NV,"Combined Heat and Power, Electric Power",Petroleum,0,,,,,,
2020,NV,"Electric Generators, Independent Power Producers",Total,"10,090,291",,,,,,
2020,NV,"Electric Generators, Independent Power Producers",Coal,"1,025,376",,,,,,
2020,NV,"Electric Generators, Independent Power Producers",Geothermal,"3,351,980",,,,,,
2020,NV,"Electric Generators, Independent Power Producers",Hydroelectric Conventional,"56,296",,,,,,
2020,NV,"Electric Generators, Independent Power Producers",Natural Gas,"2,289",,,,,,
2020,NV,"Electric Generators, Independent Power Producers",Petroleum,"1,895",,,,,,
2020,NV,"Electric Generators, Independent Power Producers",Solar Thermal and Photovoltaic,"5,273,408",,,,,,
2020,NV,"Electric Generators, Independent Power Producers",Other Biomass,"54,244",,,,,,
2020,NV,"Electric Generators, Independent Power Producers",Wind,"324,803",,,,,,
2020,NV,"Electric Generators, Electric Utilities",Total,"27,245,815",,,,,,
2020,NV,"Electric Generators, Electric Utilities",Coal,"927,825",,,,,,
2020,NV,"Electric Generators, Electric Utilities",Hydroelectric Conventional,"1,867,070",,,,,,
2020,NV,"Electric Generators, Electric Utilities",Natural Gas,"24,226,687",,,,,,
2020,NV,"Electric Generators, Electric Utilities",Other,"25,805",,,,,,
2020,NV,"Electric Generators, Electric Utilities",Petroleum,"4,370",,,,,,
2020,NV,"Electric Generators, Electric Utilities",Solar Thermal and Photovoltaic,"194,058",,,,,,
2021,NV,Total Electric Power Industry,Total,"41,754,584",,,,,,
2021,NV,Total Electric Power Industry,Coal,"2,752,473",,,,,,
2021,NV,Total Electric Power Industry,Geothermal,"3,917,454",,,,,,
2021,NV,Total Electric Power Industry,Hydroelectric Conventional,"1,944,288",,,,,,
2021,NV,Total Electric Power Industry,Natural Gas,"26,129,918",,,,,,
2021,NV,Total Electric Power Industry,Other Gases,0,,,,,,
2021,NV,Total Electric Power Industry,Other,"27,358",,,,,,
2021,NV,Total Electric Power Industry,Petroleum,"8,014",,,,,,
2021,NV,Total Electric Power Industry,Solar Thermal and Photovoltaic,"6,585,171",,,,,,
2021,NV,Total Electric Power Industry,Other Biomass,"49,964",,,,,,
2021,NV,Total Electric Power Industry,Wind,"339,944",,,,,,
2021,NV,"Combined Heat and Power, Industrial Power",Total,"338,697",,,,,,
2021,NV,"Combined Heat and Power, Industrial Power",Natural Gas,"335,079",,,,,,
2021,NV,"Combined Heat and Power, Industrial Power",Solar Thermal and Photovoltaic,"3,618",,,,,,
2021,NV,"Combined Heat and Power, Commercial Power",Total,"614,926",,,,,,
2021,NV,"Combined Heat and Power, Commercial Power",Geothermal,"501,703",,,,,,
2021,NV,"Combined Heat and Power, Commercial Power",Natural Gas,"61,998",,,,,,
2021,NV,"Combined Heat and Power, Commercial Power",Solar Thermal and Photovoltaic,"51,225",,,,,,
2021,NV,"Combined Heat and Power, Electric Power",Total,"2,183,913",,,,,,
2021,NV,"Combined Heat and Power, Electric Power",Natural Gas,"2,183,913",,,,,,
2021,NV,"Combined Heat and Power, Electric Power",Other Gases,0,,,,,,
2021,NV,"Combined Heat and Power, Electric Power",Petroleum,0,,,,,,
2021,NV,"Electric Generators, Independent Power Producers",Total,"11,383,459",,,,,,
2021,NV,"Electric Generators, Independent Power Producers",Coal,"1,190,008",,,,,,
2021,NV,"Electric Generators, Independent Power Producers",Geothermal,"3,415,751",,,,,,
2021,NV,"Electric Generators, Independent Power Producers",Hydroelectric Conventional,"39,143",,,,,,
2021,NV,"Electric Generators, Independent Power Producers",Natural Gas,"2,024",,,,,,
2021,NV,"Electric Generators, Independent Power Producers",Other,-761,,,,,,
2021,NV,"Electric Generators, Independent Power Producers",Petroleum,"2,333",,,,,,
2021,NV,"Electric Generators, Independent Power Producers",Solar Thermal and Photovoltaic,"6,345,053",,,,,,
2021,NV,"Electric Generators, Independent Power Producers",Other Biomass,"49,964",,,,,,
2021,NV,"Electric Generators, Independent Power Producers",Wind,"339,944",,,,,,
2021,NV,"Electric Generators, Electric Utilities",Total,"27,233,589",,,,,,
2021,NV,"Electric Generators, Electric Utilities",Coal,"1,562,466",,,,,,
2021,NV,"Electric Generators, Electric Utilities",Hydroelectric Conventional,"1,905,145",,,,,,
2021,NV,"Electric Generators, Electric Utilities",Natural Gas,"23,546,904",,,,,,
2021,NV,"Electric Generators, Electric Utilities",Other,"28,119",,,,,,
2021,NV,"Electric Generators, Electric Utilities",Petroleum,"5,680",,,,,,
2021,NV,"Electric Generators, Electric Utilities",Solar Thermal and Photovoltaic,"185,275",,,,,,